FactorName,min,max,mean,median,range,stddev
length,0,0.9930781812957199,0.41830637054610287,0.32499999999999996,0.9930781812957199,0.23292764505197128,
readability,-50.871438356164376,110.19815964523282,74.1485256591117,78.42746268656717,161.0695980013972,18.855606713059093,
wordimportance,3.807690469667646,13.61123843527469,8.81413049650601,8.780041022582434,9.803547965607043,1.5342292651229201,
repetition,1,80,16.475272960822092,15,79,9.527106917782513,
subjectivity,0.18888888888888888,0.8208333333333333,0.5537413211799559,0.5554285714285715,0.6319444444444444,0.0883232204593099,
polarity,-0.10523809523809524,0.7750000000000001,0.2900191353280693,0.28854166666666664,0.8802380952380954,0.12315848721654002,
grammar,0.0,0.12962962962962962,0.01759314635440529,0.015037593984962405,0.12962962962962962,0.013898683829789628,
featureappearance,0.5973049998283386,0.9462260007858276,0.8377281551033392,0.8489465117454529,0.348921000957489,0.0549254982822162,
