FactorName,min,max,mean,median,range,stddev
length,0,0.993078181,0.418306371,0.325,0.993078181,0.232927645
readability,-50.87143836,110.1981596,74.14852566,78.42746269,161.069598,18.85560671
wordimportance,3.80769047,13.61123844,8.814130497,8.780041023,9.803547966,1.534229265
repetition,1,80,16.47527296,15,79,9.527106918
subjectivity,0.188888889,0.820833333,0.553741321,0.555428571,0.631944444,0.08832322
polarity,-0.105238095,0.775,0.290019135,0.288541667,0.880238095,0.123158487
grammar,0,0.12962963,0.017593146,0.015037594,0.12962963,0.013898684
featureappearance,0.597305,0.946226001,0.837728155,0.848946512,0.348921001,0.054925498
